Weight down,Weight up,1,2,3,4,5,6,7,8,9,10
0.45,0.45,True,True,True,True,True,True,True,True,True,True
0.45,0.35,,,,,,,,,,
0.45,0.15,,,,,,,,,,
0.45,0.05,,,,,,,,,,
0.35,0.35,True,True,True,True,True,True,True,True,True,True
0.35,0.15,,,,,,,,,,
0.35,0.05,,,,,,,,,,
0.15,0.15,True,True,True,True,True,True,True,True,True,True
0.15,0.05,,,,,,,,,,
0.05,0.05,True,True,True,True,True,True,True,True,True,True
0.35,0.45,True,True,True,True,True,True,True,True,True,True
0.15,0.45,True,True,True,True,True,True,True,True,True,True
0.05,0.45,True,True,True,True,True,True,True,True,True,True
0.15,0.35,True,True,True,True,True,True,True,True,True,True
0.05,0.35,True,True,True,True,True,True,True,True,True,True
0.05,0.15,True,True,True,True,True,True,True,True,True,True
