Weight down,Weight up,1,2,3,4,5,6,7,8,9,10
0.09,0.09,True,True,True,True,True,True,True,True,True,True
0.1,0.09,True,True,True,True,True,True,True,True,True,True
0.1,0.1,True,True,True,True,True,True,True,True,True,True
0.11,0.09,True,True,True,True,True,True,True,True,True,True
0.11,0.1,True,True,True,True,True,True,True,True,True,True
0.11,0.11,True,True,True,True,True,True,True,True,True,True
0.12,0.09,True,True,True,True,True,True,True,True,True,True
0.12,0.1,True,True,True,True,True,True,True,True,True,True
0.12,0.11,True,True,True,True,True,True,True,True,True,True
0.12,0.12,True,True,True,True,True,True,True,True,True,True
